{"cameraMode":{"drawMode":0,"name":"Shaded","section":"Shading Mode"},"sceneLighting":true,"audioPlay":false,"sceneViewState":{"showFog":true,"showMaterialUpdate":false,"showSkybox":true,"showFlares":true,"showImageEffects":true,"showParticleSystems":true},"in2DMode":false,"pivot":{"x":379.000244140625,"y":-0.5038031339645386,"z":-224.37002563476563},"rotation":{"x":-0.0022900940384715797,"y":-0.878544270992279,"z":0.004229060839861631,"w":-0.4776974618434906},"size":446.9914855957031,"orthographic":false}